epoch,time,train/box_loss,train/cls_loss,train/l1_loss,metrics/precision(B),metrics/recall(B),metrics/mAP50(B),metrics/mAP50-95(B),val/box_loss,val/cls_loss,val/l1_loss,lr/pg0,lr/pg1,lr/pg2
1,128.363,1.39793,20.5989,0.00196,0.00773,0.11037,0.01162,0.01005,1.01869,13.1646,0.0019,6.9225e-05,6.9225e-05,6.9225e-05
2,146.955,1.23592,12.884,0.00164,0.51032,0.01409,0.02744,0.0233,0.93793,9.74963,0.0018,0.000138837,0.000138837,0.000138837
3,166.027,1.18344,8.91998,0.00153,0.52885,0.08229,0.05336,0.04272,0.89206,7.44292,0.00169,0.000207043,0.000207043,0.000207043
4,185.422,1.1537,6.59222,0.00147,0.60084,0.12218,0.1019,0.07754,0.88333,5.9362,0.00162,0.000206674,0.000206674,0.000206674
5,204.671,1.07891,5.16209,0.00142,0.51223,0.21231,0.15347,0.12358,0.80912,4.86168,0.00149,0.000204565,0.000204565,0.000204565
6,223.828,1.09493,4.40307,0.00141,0.55183,0.23153,0.19141,0.1463,0.85323,4.15503,0.00153,0.000202457,0.000202457,0.000202457
7,243.002,1.02628,3.76593,0.00131,0.59401,0.23431,0.20804,0.16418,0.83462,3.7731,0.00149,0.000200348,0.000200348,0.000200348
8,261.964,1.01656,3.3009,0.00129,0.45508,0.27754,0.22098,0.17364,0.87214,3.34769,0.00157,0.000198239,0.000198239,0.000198239
9,280.954,1.02707,3.219,0.00131,0.59086,0.2356,0.2391,0.18895,0.83146,3.10066,0.00154,0.00019613,0.00019613,0.00019613
10,299.729,1.02799,2.86686,0.00129,0.46837,0.31716,0.30151,0.24175,0.79612,2.96998,0.00144,0.000194022,0.000194022,0.000194022
11,319.237,0.95733,2.5108,0.00121,0.57158,0.30595,0.30006,0.24355,0.77624,2.77051,0.00143,0.000191913,0.000191913,0.000191913
12,338.29,0.97387,2.40211,0.0012,0.54552,0.37773,0.35142,0.28489,0.76731,2.59411,0.0014,0.000189804,0.000189804,0.000189804
13,357.46,0.91586,2.07349,0.00119,0.42823,0.38736,0.38556,0.3129,0.75889,2.38602,0.00135,0.000187696,0.000187696,0.000187696
14,376.894,0.91505,1.97642,0.00117,0.50507,0.44197,0.44463,0.3568,0.79113,2.16988,0.0014,0.000185587,0.000185587,0.000185587
15,396.175,0.9518,1.90117,0.00119,0.7106,0.3837,0.43827,0.35932,0.77109,2.10866,0.0014,0.000183478,0.000183478,0.000183478
16,415.07,0.89256,1.69334,0.00115,0.52206,0.4348,0.45403,0.37794,0.76703,2.03683,0.00136,0.000181369,0.000181369,0.000181369
17,434.144,0.90736,1.60316,0.00114,0.75806,0.35936,0.44145,0.37289,0.6984,2.01983,0.00126,0.000179261,0.000179261,0.000179261
18,453.099,0.89907,1.47906,0.00113,0.58924,0.3815,0.42364,0.3497,0.732,1.89074,0.00134,0.000177152,0.000177152,0.000177152
19,472.21,0.92553,1.49104,0.00113,0.48455,0.47658,0.4382,0.362,0.72936,1.84221,0.00129,0.000175043,0.000175043,0.000175043
20,491.297,0.86472,1.32627,0.00111,0.47323,0.4879,0.4617,0.38474,0.72226,1.79313,0.00128,0.000172935,0.000172935,0.000172935
21,510.135,0.9205,1.38781,0.00109,0.45529,0.45852,0.46754,0.38391,0.76737,1.80538,0.00134,0.000170826,0.000170826,0.000170826
22,528.892,0.88591,1.25602,0.0011,0.6136,0.4404,0.46559,0.38829,0.70028,1.75693,0.00124,0.000168717,0.000168717,0.000168717
23,547.766,0.89382,1.20487,0.00109,0.67585,0.41369,0.47517,0.3937,0.72873,1.63411,0.0013,0.000166609,0.000166609,0.000166609
24,566.568,0.86037,1.20768,0.00109,0.60754,0.39012,0.45581,0.37714,0.77168,1.69758,0.00136,0.0001645,0.0001645,0.0001645
25,585.226,0.87356,1.10054,0.00108,0.59002,0.45084,0.46002,0.38571,0.71612,1.65376,0.00127,0.000162391,0.000162391,0.000162391
26,603.906,0.84984,1.01841,0.0011,0.76118,0.36963,0.46315,0.38199,0.75257,1.59136,0.00136,0.000160282,0.000160282,0.000160282
27,622.687,0.87856,1.01983,0.00106,0.51229,0.47097,0.47722,0.39067,0.79129,1.63928,0.00142,0.000158174,0.000158174,0.000158174
28,641.485,0.84287,0.9515,0.00099,0.54693,0.47877,0.46422,0.3945,0.69717,1.56365,0.00125,0.000156065,0.000156065,0.000156065
29,660.465,0.8623,0.94002,0.00102,0.62951,0.42731,0.48198,0.39901,0.73654,1.53501,0.00133,0.000153956,0.000153956,0.000153956
30,679.275,0.8424,0.87167,0.00105,0.7135,0.40288,0.47617,0.38972,0.74793,1.54221,0.00136,0.000151848,0.000151848,0.000151848
31,698.014,0.85295,0.86158,0.00101,0.71092,0.40814,0.47947,0.40166,0.72021,1.52706,0.00127,0.000149739,0.000149739,0.000149739
32,716.789,0.81574,0.82155,0.00103,0.5335,0.47421,0.47262,0.40099,0.70848,1.50387,0.00126,0.00014763,0.00014763,0.00014763
33,735.474,0.82982,0.83481,0.001,0.79194,0.39456,0.47607,0.39976,0.73732,1.52748,0.00129,0.000145522,0.000145522,0.000145522
34,754.364,0.81632,0.81587,0.00099,0.5551,0.46606,0.49931,0.41522,0.69557,1.45878,0.00122,0.000143413,0.000143413,0.000143413
35,773.742,0.84584,0.83394,0.00099,0.64641,0.39293,0.49337,0.41202,0.71525,1.43153,0.00126,0.000141304,0.000141304,0.000141304
36,792.655,0.7926,0.73145,0.001,0.68167,0.44487,0.50503,0.42644,0.71133,1.45908,0.00126,0.000139196,0.000139196,0.000139196
37,812.082,0.81415,0.75402,0.001,0.57135,0.4704,0.47477,0.39986,0.70655,1.45539,0.00124,0.000137087,0.000137087,0.000137087
38,831.616,0.80603,0.72745,0.001,0.58602,0.48184,0.50089,0.42601,0.64584,1.4042,0.00114,0.000134978,0.000134978,0.000134978
39,850.969,0.79495,0.6949,0.00092,0.67521,0.43693,0.50898,0.43175,0.67623,1.44907,0.00118,0.000132869,0.000132869,0.000132869
40,870.337,0.81763,0.70891,0.00098,0.66954,0.43859,0.50236,0.42279,0.67715,1.39993,0.0012,0.000130761,0.000130761,0.000130761
41,889.733,0.7625,0.64328,0.00095,0.72032,0.41696,0.5115,0.43758,0.65647,1.37791,0.00119,0.000128652,0.000128652,0.000128652
42,909.15,0.75398,0.62626,0.00092,0.83421,0.41194,0.51385,0.43973,0.68558,1.37422,0.0012,0.000126543,0.000126543,0.000126543
43,928.577,0.74357,0.60266,0.0009,0.54123,0.52283,0.51839,0.44456,0.67964,1.35608,0.00118,0.000124435,0.000124435,0.000124435
44,947.974,0.73464,0.58805,0.00092,0.50916,0.49277,0.51806,0.43609,0.69353,1.35127,0.00121,0.000122326,0.000122326,0.000122326
45,967.321,0.79042,0.60288,0.00095,0.53463,0.50864,0.49962,0.42427,0.69638,1.40069,0.00126,0.000120217,0.000120217,0.000120217
46,986.71,0.7913,0.58764,0.00094,0.63063,0.47112,0.51367,0.44198,0.66088,1.40741,0.00114,0.000118108,0.000118108,0.000118108
47,1006.07,0.74806,0.54136,0.00087,0.48685,0.51394,0.52151,0.44622,0.68289,1.33829,0.00121,0.000116,0.000116,0.000116
48,1025.56,0.76377,0.58261,0.00089,0.67136,0.46224,0.51376,0.43762,0.67248,1.35578,0.00118,0.000113891,0.000113891,0.000113891
49,1044.99,0.7502,0.55971,0.00091,0.55559,0.5366,0.52341,0.44224,0.68683,1.32021,0.00121,0.000111782,0.000111782,0.000111782
50,1064.57,0.75153,0.54027,0.0009,0.62616,0.46236,0.51208,0.43666,0.65933,1.343,0.00117,0.000109674,0.000109674,0.000109674
51,1083.9,0.73346,0.50547,0.00087,0.6489,0.46887,0.51717,0.4431,0.66413,1.35362,0.00118,0.000107565,0.000107565,0.000107565
52,1103.24,0.75719,0.51168,0.00096,0.69357,0.44685,0.52059,0.44368,0.64978,1.36141,0.00115,0.000105456,0.000105456,0.000105456
53,1122.6,0.72805,0.50263,0.00087,0.5437,0.51471,0.52119,0.44484,0.66075,1.2987,0.00118,0.000103348,0.000103348,0.000103348
54,1141.97,0.74921,0.48193,0.0009,0.68109,0.45971,0.5212,0.44294,0.67527,1.34056,0.0012,0.000101239,0.000101239,0.000101239
55,1161.4,0.72137,0.47002,0.00086,0.59566,0.51581,0.51407,0.43674,0.6791,1.38156,0.00122,9.91302e-05,9.91302e-05,9.91302e-05
56,1180.86,0.72607,0.44529,0.00085,0.60361,0.503,0.51008,0.43292,0.67972,1.3949,0.00121,9.70215e-05,9.70215e-05,9.70215e-05
57,1200.22,0.73943,0.48187,0.00087,0.53804,0.4738,0.50068,0.42614,0.66753,1.3771,0.00117,9.49128e-05,9.49128e-05,9.49128e-05
58,1219.66,0.74497,0.46192,0.00085,0.65575,0.4651,0.50117,0.42527,0.66725,1.40863,0.00118,9.28041e-05,9.28041e-05,9.28041e-05
59,1239.04,0.70881,0.47744,0.00086,0.75434,0.45208,0.51959,0.43617,0.67954,1.36277,0.00118,9.06954e-05,9.06954e-05,9.06954e-05
60,1258.38,0.72208,0.46771,0.00083,0.75204,0.44384,0.51589,0.43789,0.66556,1.3813,0.00116,8.85867e-05,8.85867e-05,8.85867e-05
61,1277.73,0.742,0.46219,0.00088,0.47707,0.50721,0.51844,0.44076,0.66023,1.40439,0.00116,8.6478e-05,8.6478e-05,8.6478e-05
62,1297.8,0.7067,0.43145,0.00085,0.61233,0.47943,0.49431,0.42457,0.6673,1.38466,0.00116,8.43693e-05,8.43693e-05,8.43693e-05
63,1318.15,0.69773,0.44827,0.00083,0.69313,0.45122,0.49453,0.42285,0.67027,1.39169,0.00117,8.22606e-05,8.22606e-05,8.22606e-05
64,1337.55,0.73281,0.45559,0.00084,0.52063,0.48818,0.4935,0.42241,0.66044,1.35285,0.00116,8.01519e-05,8.01519e-05,8.01519e-05
65,1356.96,0.73809,0.46337,0.00085,0.60915,0.48334,0.50773,0.43766,0.64272,1.3816,0.00113,7.80432e-05,7.80432e-05,7.80432e-05
66,1376.49,0.7251,0.45845,0.00085,0.64995,0.47669,0.49952,0.42734,0.65297,1.41885,0.00113,7.59345e-05,7.59345e-05,7.59345e-05
67,1395.84,0.66242,0.39132,0.00081,0.64296,0.44827,0.51072,0.43868,0.63531,1.4409,0.00112,7.38258e-05,7.38258e-05,7.38258e-05
68,1415.29,0.72049,0.42388,0.00083,0.57347,0.45398,0.5038,0.43078,0.66668,1.40866,0.00117,7.17171e-05,7.17171e-05,7.17171e-05
69,1434.69,0.67583,0.39215,0.00081,0.68931,0.45754,0.50151,0.4283,0.65619,1.38284,0.00114,6.96084e-05,6.96084e-05,6.96084e-05
70,1454.05,0.63667,0.36552,0.00078,0.65784,0.4762,0.50425,0.43259,0.64849,1.37638,0.00112,6.74997e-05,6.74997e-05,6.74997e-05
71,1474.12,0.66896,0.39381,0.00079,0.65636,0.47245,0.50739,0.43411,0.6549,1.38176,0.00114,6.5391e-05,6.5391e-05,6.5391e-05
72,1493.56,0.69396,0.40697,0.00082,0.6315,0.45586,0.50278,0.43112,0.63496,1.38243,0.00111,6.32823e-05,6.32823e-05,6.32823e-05
73,1512.93,0.67829,0.40204,0.00082,0.56363,0.49085,0.50947,0.43404,0.66557,1.38254,0.00118,6.11736e-05,6.11736e-05,6.11736e-05
74,1532.43,0.67912,0.40104,0.0008,0.70004,0.44501,0.50689,0.43054,0.67193,1.37739,0.00117,5.90649e-05,5.90649e-05,5.90649e-05
75,1551.85,0.6631,0.39607,0.00077,0.76525,0.43944,0.48948,0.42493,0.62314,1.3631,0.00109,5.69562e-05,5.69562e-05,5.69562e-05
76,1571.19,0.6734,0.39209,0.0008,0.76611,0.42729,0.50322,0.43105,0.63857,1.38241,0.00112,5.48475e-05,5.48475e-05,5.48475e-05
77,1590.64,0.70705,0.39974,0.00079,0.71133,0.4518,0.50823,0.43471,0.6448,1.42003,0.00112,5.27388e-05,5.27388e-05,5.27388e-05
78,1610.03,0.69682,0.38116,0.00078,0.66132,0.4578,0.50593,0.43744,0.63878,1.42712,0.00111,5.06301e-05,5.06301e-05,5.06301e-05
79,1629.52,0.65028,0.37783,0.0008,0.71671,0.45263,0.5113,0.44193,0.63083,1.38419,0.00111,4.85214e-05,4.85214e-05,4.85214e-05
80,1648.84,0.6751,0.40688,0.00079,0.59777,0.47206,0.51599,0.44331,0.62943,1.38522,0.0011,4.64127e-05,4.64127e-05,4.64127e-05
81,1668.5,0.65383,0.34793,0.00078,0.73532,0.42991,0.50917,0.43569,0.63529,1.39708,0.00111,4.4304e-05,4.4304e-05,4.4304e-05
82,1688.8,0.63911,0.34567,0.00079,0.71182,0.45066,0.50811,0.43734,0.63482,1.40373,0.0011,4.21953e-05,4.21953e-05,4.21953e-05
83,1708.56,0.67235,0.36116,0.00077,0.71161,0.44692,0.51417,0.44602,0.62886,1.38997,0.0011,4.00866e-05,4.00866e-05,4.00866e-05
84,1727.96,0.63925,0.36285,0.00075,0.71894,0.45012,0.52124,0.44715,0.63075,1.38304,0.0011,3.79779e-05,3.79779e-05,3.79779e-05
85,1747.35,0.65036,0.34722,0.00079,0.7145,0.46111,0.51935,0.44737,0.64132,1.38498,0.00112,3.58692e-05,3.58692e-05,3.58692e-05
86,1766.85,0.65954,0.37618,0.00076,0.7148,0.45775,0.51237,0.43841,0.65146,1.37972,0.00113,3.37605e-05,3.37605e-05,3.37605e-05
87,1786.19,0.64787,0.35719,0.00077,0.72218,0.44192,0.5149,0.44293,0.63204,1.37168,0.0011,3.16518e-05,3.16518e-05,3.16518e-05
88,1805.67,0.66495,0.37815,0.00079,0.72291,0.46653,0.51229,0.4382,0.64805,1.38179,0.00113,2.95431e-05,2.95431e-05,2.95431e-05
89,1825.13,0.69207,0.37499,0.0008,0.73015,0.44611,0.51262,0.44374,0.6233,1.39239,0.00109,2.74344e-05,2.74344e-05,2.74344e-05
90,1844.59,0.63999,0.33084,0.00075,0.72788,0.44759,0.51279,0.44043,0.63605,1.39836,0.00111,2.53257e-05,2.53257e-05,2.53257e-05
91,1868.02,0.62091,0.3591,0.00084,0.6319,0.44779,0.50359,0.43569,0.63757,1.42956,0.00112,2.3217e-05,2.3217e-05,2.3217e-05
92,1887.92,0.60201,0.32818,0.00079,0.68548,0.39939,0.49713,0.4265,0.65221,1.45298,0.00115,2.11083e-05,2.11083e-05,2.11083e-05
93,1907.57,0.6058,0.32811,0.00078,0.69381,0.40125,0.50215,0.42648,0.66059,1.44297,0.00117,1.89996e-05,1.89996e-05,1.89996e-05
94,1927.08,0.61307,0.33698,0.00082,0.73852,0.39809,0.5033,0.42988,0.65317,1.43723,0.00115,1.68909e-05,1.68909e-05,1.68909e-05
95,1946.42,0.5765,0.29384,0.00078,0.7387,0.39626,0.5022,0.42726,0.64473,1.43174,0.00113,1.47822e-05,1.47822e-05,1.47822e-05
96,1965.82,0.56956,0.3028,0.00075,0.738,0.40046,0.50767,0.43129,0.63975,1.43146,0.00112,1.26735e-05,1.26735e-05,1.26735e-05
97,1985.16,0.59053,0.29216,0.00077,0.73391,0.40287,0.50459,0.42752,0.64923,1.43636,0.00114,1.05648e-05,1.05648e-05,1.05648e-05
98,2004.41,0.5976,0.28706,0.00077,0.72367,0.40513,0.5058,0.42962,0.6574,1.43566,0.00115,8.4561e-06,8.4561e-06,8.4561e-06
99,2023.74,0.58224,0.29366,0.00079,0.72511,0.40478,0.50498,0.42878,0.65753,1.43351,0.00115,6.3474e-06,6.3474e-06,6.3474e-06
100,2043.19,0.6092,0.30622,0.00077,0.71876,0.40638,0.50473,0.4295,0.65318,1.43434,0.00115,4.2387e-06,4.2387e-06,4.2387e-06
